id,A_log2_qnorm_tumor_batchadj_score,A_log2_qnorm_tumor_batchadj_sd,A_log2_qnorm_tumor_batchadj_high,B_log2_qnorm_tumor_no_batchadj_score,B_log2_qnorm_tumor_no_batchadj_sd,B_log2_qnorm_tumor_no_batchadj_high,C_log2_raw_batchadj_score,C_log2_raw_batchadj_sd,C_log2_raw_batchadj_high,D_log2_qnorm_all120_batchadj_score,D_log2_qnorm_all120_batchadj_sd,D_log2_qnorm_all120_batchadj_high,E_log2_qnorm_within_batch_batchadj_score,E_log2_qnorm_within_batch_batchadj_sd,E_log2_qnorm_within_batch_batchadj_high,F_qnorm_raw_then_log2_tumor_batchadj_score,F_qnorm_raw_then_log2_tumor_batchadj_sd,F_qnorm_raw_then_log2_tumor_batchadj_high,G_qnorm_raw_within_batch_then_log2_batchadj_score,G_qnorm_raw_within_batch_then_log2_batchadj_sd,G_qnorm_raw_within_batch_then_log2_batchadj_high
CCA_BR_1,0.6071378779006724,1.5101297120477855,1,0.6006735458394639,1.5284220997411049,1,0.6790354168396056,1.0228527212095333,1,0.6071729269629238,1.5102029137254736,1,0.6038892393935977,1.4977901189238436,1,0.6068215287567166,1.5094007508751897,1,0.6041685600518181,1.498723783170859,1
CCA_BR_2,-0.21264794075445648,-0.5223878182295354,0,-0.2032837976572675,-0.5111495099773172,0,-0.2617852807736962,-0.38156584555385037,0,-0.21265207009504777,-0.5223946471128006,0,-0.2093906862942745,-0.5128242100017913,0,-0.2125472932898697,-0.5221578690054968,0,-0.20953837337592354,-0.5132893372122055,0
CCA_FR_1,0.07549232967975886,0.19200628021578617,1,0.0812570655612509,0.21070653265938066,1,0.4299516702537388,0.6510307159415756,1,0.07555382248557976,0.19215613675062146,1,0.07605349268355287,0.19285920629034595,1,0.07550384022356284,0.19204158246245825,1,0.07611627373096876,0.19303486166903636,1
CCA_FR_2,0.348444158680943,0.8687432580233412,1,0.34468415532400776,0.8789987223594299,1,0.49482597425202635,0.7478724173116442,1,0.3484701973262687,0.8687995177218197,1,0.34624581715283925,0.860836543471254,1,0.34852478876106524,0.8689749078286368,1,0.34663307312697106,0.861928448916715,1
CCA_FR_3,0.4484192541277484,1.116614262208477,1,0.4411263461396425,1.12366438274271,1,-0.008939006448728484,-0.004127293128542895,0,0.4484708327964958,1.1167317574906541,1,0.4418230405363531,1.0971253399656256,1,0.44852082247240554,1.1169069730648253,1,0.44214431971606155,1.0980944116078235,1
CCA_FR_4,0.3418908428618903,0.8524954418492099,1,0.33734183391760447,0.8603718755359467,1,0.37397846766122556,0.5674762138334126,1,0.34195427655492855,0.8526445520718702,1,0.3407780184576531,0.8473188922210726,1,0.34188950145129726,0.8525232504469533,1,0.34105989076240223,0.8481479149441656,1
CCA_FR_7,0.2622203735123533,0.6549662556722554,1,0.260683326332108,0.6658957419705364,1,0.1483794926025568,0.23071131270088,1,0.2622279279980161,0.654978486517805,1,0.2588475385261005,0.64476797251553,1,0.2623260646251871,0.6552521540099614,1,0.25909187943279394,0.6454696440928275,1
CCA_FR_8,0.5625089781351238,1.3994800532390048,1,0.5525351618134905,1.4062991013117767,1,0.8764989746088431,1.3176182248743522,1,0.5624945674631376,1.3994315602446534,1,0.5589444744657842,1.3866763615080018,1,0.5622982016069948,1.399008767896318,1,0.5591506923040354,1.387410315337109,1
CCA_FR_9,-0.10496625544622526,-0.25540965381356995,0,-0.0956773076701074,-0.2381609692610974,0,-0.6073453084519118,-0.897403688018099,0,-0.10492263912992758,-0.255300353335473,0,-0.10505660389124166,-0.25488645148965605,0,-0.10490309620448997,-0.25526280223603526,0,-0.10511833758028791,-0.25509504953830686,0
CCA_FR_10,-0.18353610565061712,-0.45021004466891684,0,-0.17126089273482947,-0.4299101155382484,0,-0.4513840402683792,-0.6645911007859409,0,-0.18356720546966943,-0.4502843490528414,0,-0.18050373358148972,-0.4414090438224494,0,-0.18314960715669332,-0.4492686876485256,0,-0.1803353303630798,-0.4410804088091513,0
CCA_FR_11,0.5689361272331064,1.4154150607910825,1,0.5643500858898056,1.436272561859101,1,0.46941795021116856,0.7099443606710177,1,0.5689058182202948,1.4153270168331757,1,0.5668373086177805,1.406189256073074,1,0.5688218936029473,1.4151837337373667,1,0.5674615849292454,1.4079602508446971,1
CCA_FR_12,0.21581629044344536,0.5399153360689755,1,0.21580487192833908,0.5520429085703749,1,-0.16028034128164342,-0.23004343325736173,0,0.21582398146726384,0.5399288736490148,1,0.21442951574731137,0.5349564423882588,1,0.2160202262686345,0.5404405788891455,1,0.21470250324635537,0.5357102164368445,1
CCA_FR_13,0.1178434979180032,0.29700869659470136,1,0.12302906534222716,0.31667855409012924,1,0.18757111428870465,0.2892149588230615,1,0.11786539485711726,0.2970594991831502,1,0.11806145566730661,0.2967125163701136,1,0.11799576598333625,0.2973968702521244,1,0.1181801126300682,0.2970440476325269,1
CCA_FR_14,0.05461038898518512,0.14023311024614613,1,0.05778161908247856,0.15115131551897895,1,0.2539330311559375,0.3882773076965311,1,0.05461230937588244,0.14023570419515544,1,0.0553652333863007,0.14171308885925085,1,0.05451478662375276,0.1400009243161961,1,0.055308348605376166,0.14158412843725607,1
CCA_FR_15,-0.015031533770911647,-0.032432024503559684,0,-0.008145907234428635,-0.01610122849049649,0,0.12048015304836678,0.18906432239790374,0,-0.015112081854723512,-0.03263244212246872,0,-0.01200186771417556,-0.024833821365093496,0,-0.015044481509316619,-0.032465646251330894,0,-0.011797467902004009,-0.024345124123127993,0
CCA_FR_16,0.17397295726413384,0.43617200912083826,1,0.17562955438922473,0.4501215345982079,1,0.6006230968661559,0.9058020246070152,1,0.1739543330513791,0.43612117621518603,1,0.17601413703796823,0.4399848238292715,1,0.17401367856866223,0.43628874667986983,1,0.1762798083436914,0.4407043081806868,1
CCA_KR_2,0.06767578631509945,0.1726265092398666,1,0.07018019480962,0.18260545081431062,1,0.4570074316935704,0.691418447419437,1,0.06777158400844001,0.17286158120125278,1,0.06487914443375037,0.16523365695878567,1,0.06790900313613708,0.17321079913705603,1,0.0649467451625359,0.16541651763759024,1
CCA_RO_2,0.6351807402072464,1.5796571519476,1,0.6117607542686979,1.5565494073976813,1,0.7589656074539067,1.1421692328768824,1,0.63513741861484,1.5795354636303258,1,0.6428031323509055,1.5939941789319216,1,0.6346674737624308,1.5784425158080833,1,0.641785594969629,1.5917375756006669,1
CCA_RO_3,-0.2905716138132318,-0.7155861243131735,0,-0.29122039595719934,-0.7342372033711937,0,-0.48651390581981113,-0.7170315238692041,0,-0.29060123337613303,-0.7156545254076736,0,-0.2921359107136344,-0.7173893647694044,0,-0.29049823186239593,-0.7154309066459278,0,-0.2917184513182873,-0.7164919747485634,0
CCA_RO_5,0.2470469309678109,0.6173463221912981,1,0.2311408332291293,0.5909489419934768,1,0.6717519496055543,1.0119802599213585,1,0.247026780504054,0.6172901805634241,1,0.2489686098830037,0.6203449972804724,1,0.24713818608901772,0.6175950394998105,1,0.24882840867770156,0.6200916646611855,1
CCA_RO_7,-0.2726920305407942,-0.6712567816869497,0,-0.27043035085091877,-0.6814946218069672,0,0.28342961200505523,0.4323085943228007,1,-0.27273809022676226,-0.6713663159427109,0,-0.276605615964455,-0.6789949175823203,0,-0.27278209254161984,-0.6715051743264675,0,-0.27640079145665486,-0.6786167504520922,0
CCA_RO_10,0.33399901470544546,0.8329290152181362,1,0.3313606422350376,0.8451980994062472,1,0.051030868763843176,0.08539327801607315,0,0.33396083083208,0.8328263489952858,1,0.3316331601658567,0.8247107070972006,1,0.3342268075319309,0.8335242216036141,1,0.3322619902544179,0.8263937789933734,1
CCA_RO_15,0.21511738344923487,0.5381825167331925,1,0.2210382121062803,0.5653194488461352,1,0.4679648911450357,0.70777529366786,1,0.21513357241314754,0.5382171378951485,1,0.2139962577005595,0.5338853292211843,1,0.21492771531636837,0.5377317864837345,1,0.21409319440599572,0.5342036084299485,1
CCA_RO_19,-0.14053678275692433,-0.3436006406237707,0,-0.13005997908383743,-0.3253868911946111,0,0.15969163527324423,0.2475976155180823,1,-0.1405796706162866,-0.3437050683490382,0,-0.13893137878887077,-0.3386326570051762,0,-0.1407040573487973,-0.34402838527477553,0,-0.13902446357418172,-0.3389330599552768,0
CCA_RO_23,-0.3234851556782046,-0.7971895740213176,0,-0.3067890761073364,-0.7737336247819342,0,-0.4013740002697266,-0.5899381633273356,0,-0.3235103911121973,-0.7972464187795664,0,-0.3197753750848173,-0.7857204539224126,0,-0.32343334807804974,-0.7970908593367801,0,-0.3199589586283441,-0.7863208884518702,0
CCA_RO_25,-0.36498214531938183,-0.9000742019083866,0,-0.34815343087465933,-0.8786714853788822,0,0.1906076548604146,0.2937477821000772,1,-0.3649771437918924,-0.9000552141384522,0,-0.36273465303530983,-0.8919256325815365,0,-0.3649695787645119,-0.900076578609898,0,-0.36313131370209134,-0.893071047849313,0
CCA_RO_29,-0.25213622022953147,-0.6202921957476154,0,-0.2365638977828628,-0.595578302044227,0,-0.0007504677505641611,0.00809622173623026,0,-0.2521419361472589,-0.6203021343248288,0,-0.24954114399072921,-0.6120853413879318,0,-0.2520188350672701,-0.6200243593822798,0,-0.24970058176331095,-0.6125964549217512,0
CCA_RO_31,-0.44873964483386625,-1.1077364743964162,0,-0.4325204797487785,-1.0927035345557297,0,0.45058014461945584,0.6818240567733727,1,-0.44880243909679657,-1.1078838255917915,0,-0.4469968851767282,-1.1002411780408683,0,-0.448848375815597,-1.1080472611515215,0,-0.44750560670356626,-1.101699213062173,0
CCA_RO_35,0.030241935786919458,0.07981573392159472,1,0.03531999113281603,0.09416807002123352,1,0.4234954228724503,0.6413930945362417,1,0.030244462617212316,0.07982033986460017,1,0.0302052195937242,0.07951176967073852,1,0.03027602882140054,0.07990288784762131,1,0.03020206431110439,0.07950505386018314,1
CCA_RO_38,-0.07093199097009045,-0.17102756570753064,0,-0.06172136050482182,-0.15201761056224528,0,0.5229307388464124,0.7898260576928567,1,-0.07089437218420881,-0.1709338450664762,0,-0.07313817423472817,-0.1759767796815007,0,-0.07075691265249859,-0.17060010618933102,0,-0.07312052147792109,-0.17597562314929285,0
CCA_RO_42,0.08250174434506384,0.2093849148054737,1,0.08832611281933359,0.22864010614057362,1,0.7197025332623802,1.0835589253839955,1,0.082476450830171,0.20931945518846,1,0.08187923652107694,0.20726177995090814,1,0.08253816941411987,0.20948263186248284,1,0.08197032755761423,0.20750989269405504,1
CCA_RO_43,0.36755579027935226,0.9161272519544562,1,0.36631651378351376,0.9338781814776983,1,0.5838172300229152,0.880714915570112,1,0.36752161360033797,0.9160338206378719,1,0.3645324566825724,0.9060453065367896,1,0.367414094298492,0.9158094107479308,1,0.3647549202964895,0.9067374492739494,1
CCA_RO_45,0.13739936989172474,0.3454941079081766,1,0.14066402001792067,0.3614169387645916,1,0.039751984763877764,0.06855662237902571,0,0.1374277986527611,0.3455606968556425,1,0.13509970261229928,0.33883496691308107,1,0.1375472127192233,0.3458730986351115,1,0.13532177832269324,0.3394294014521088,1
CCA_RO_46,0.16498392198445316,0.4138852466879322,1,0.16844539293782718,0.43189592616956435,1,0.31701710528644694,0.48244662731366844,1,0.16495381338942544,0.4138061280319574,1,0.16389343649508917,0.4100196747847809,1,0.1651981938320145,0.41443146638888867,1,0.16417865048161315,0.41078237020756003,1
CCA_SG_1,0.23926340223711448,0.5980484053055061,1,0.228825453827741,0.5850750207823602,1,0.84332348895457,1.2680952199782547,1,0.2392489681308107,0.5980065986828461,1,0.2387529468858043,0.5950895375637311,1,0.23933627208116104,0.5982508257248227,1,0.238619384598582,0.5948483128478151,1
CCA_SG_2,0.42162123958097814,1.0501732076019312,1,0.40098261138980235,1.0218231316289017,1,-0.3185915042227667,-0.46636384704549627,0,0.42163708614396134,1.0502026711736667,1,0.4253373645661928,1.056368971486969,1,0.42190753049787105,1.0509214714695583,1,0.42503090170042646,1.0557789044300598,1
CCA_SG_3,0.30421279065818635,0.7590792105994854,1,0.2870790006965653,0.7328593296392125,1,0.48205795066971663,0.7288128351560242,1,0.3042384820544516,0.7591355322422074,1,0.3109195686379324,0.7735019625873295,1,0.3043421090868963,0.7594275326706622,1,0.3107369810405514,0.7731699471990096,1
CCA_SG_4,1.5881835892797875,3.942463330178203,1,1.541853602774801,3.916116097794978,1,1.5080101871640952,2.260312273040788,1,1.5881206202747098,3.9422730456325112,1,1.6046995603604342,3.9720225551549846,1,1.5865767417732242,3.938624434789728,1,1.6021018950749657,3.9662644674760914,1
CCA_SG_5,-0.4689249041216935,-1.1577823429904928,0,-0.4649829054627994,-1.1750579559743326,0,-0.34991162239514595,-0.5131172354287439,0,-0.46888513065540577,-1.1576749761709804,0,-0.4718517524179188,-1.1616881050339507,0,-0.4687759590080606,-1.1574560894090082,0,-0.47115335421363297,-1.160171835456247,0
CCA_SG_6,-0.05062366120789042,-0.12067656510100658,0,-0.060083000404234504,-0.14786122991010822,0,0.43984906403588814,0.6658051396181391,1,-0.05060890035537934,-0.120639940016376,0,-0.04765313201051416,-0.1129719157338996,0,-0.05026932569323716,-0.11980279395613962,0,-0.047267560247689466,-0.11205027723038671,0
CCA_SG_7,0.373887208608822,0.9318249115788662,1,0.36888304785126175,0.9403892607809688,1,0.6613718109395346,0.9964852144731465,1,0.37389448080735327,0.9318341126355669,1,0.37089015504882455,0.9217629936828998,1,0.373995078286583,0.9321264274424506,1,0.37118110846696345,0.9226271687563412,1
CCA_SG_8,0.03429031471183687,0.08985299115007264,1,0.027264148126930364,0.0737310794021909,1,0.5953576568026954,0.8979419915464509,1,0.034357250480658824,0.09001720213336008,1,0.03184583008665837,0.08356773473404584,1,0.03450219770862823,0.09038133125540677,1,0.0319582566654829,0.08384750433438666,1
CCA_SG_9,0.8662895319422941,2.1526515364726926,1,0.8368088993824182,2.1274774688261067,1,1.0180252063913207,1.528882781557251,1,0.8663147765991145,2.1526950228608013,1,0.8754427503425632,2.1691326209808772,1,0.8659876105177952,2.1519820564065912,1,0.8742229447592342,2.1664739803572366,1
CCA_SG_10,0.28124598899302194,0.702136987476586,1,0.26670147462064864,0.681163273875894,1,0.46959813082536755,0.7102133269050662,1,0.28125326499430053,0.7021481309072154,1,0.2859051684222748,0.7116606335264373,1,0.28107200821022177,0.7017312025815813,1,0.2855388125868796,0.7108636751793764,1
CCA_SG_11,-0.4004136077414293,-0.9879204013148554,0,-0.40030688576409384,-1.0109803781350233,0,-0.8463866230431621,-1.2542347625120245,0,-0.4004463608203966,-0.987994279519113,0,-0.40781008569727645,-1.003362430577034,0,-0.4000234514725566,-0.9869898163901115,0,-0.40718416254848294,-1.001998360900238,0
CCA_SG_12,0.030787804813565488,0.08116912201473543,1,0.019523157192268617,0.0540928417902871,1,0.2510791626823083,0.38401716983855966,1,0.030759775266905574,0.08109795793991433,1,0.029873903699393942,0.07869268086318214,1,0.030755259831686605,0.08109110231669156,1,0.02968824111593942,0.07823454851266926,1
CCA_SG_13,0.5259156594381382,1.3087532316105654,1,0.5087324074201871,1.2951752276252946,1,0.45905976849804064,0.694482091661918,1,0.5258840003379074,1.3086627379878384,1,0.5324570859983644,1.321193467972458,1,0.5251162416059401,1.306819110062465,1,0.5313319097736933,1.3186241797583564,1
CCA_SG_14,0.30614245287734426,0.7638634752192204,1,0.2916646561482831,0.7444927486843017,1,-0.061540217525101915,-0.082648224542259,0,0.30621920543750697,0.7640463528826387,1,0.3126461884179998,0.7777705623163511,1,0.3064692409179353,0.7647015837337429,1,0.31257558226888854,0.7777161660434079,1
CCA_SG_15,-0.2350429156877033,-0.5779122956065881,0,-0.23820681797054566,-0.5997462512506575,0,0.16436998049968263,0.254581257474947,1,-0.2350255934517169,-0.5778654721856156,0,-0.23704059627202376,-0.581181123087708,0,-0.23517003857120178,-0.578249133336082,0,-0.23688368652001224,-0.5809047483223477,0
CCA_SG_16,-0.07267402876597648,-0.17534664793360843,0,-0.07926527401305958,-0.19652503151461415,0,0.38214414525507123,0.5796656025788909,1,-0.07265064395792217,-0.17528818134096094,0,-0.0750450206746,-0.18069094101017777,0,-0.07276025663422762,-0.17556723530769566,0,-0.07501707302080259,-0.18066513288676786,0
CCA_SG_17,-0.03676615159753577,-0.08631926034152876,0,-0.03995022450040381,-0.09678608458003367,0,0.28912089139892744,0.4408043028777556,1,-0.03676190984992908,-0.08630900447850934,0,-0.034516924995159265,-0.08049620199921365,0,-0.03645263301751278,-0.08554542371168787,0,-0.03426421187450429,-0.0798975371455148,0
CCA_SG_18,-0.09637599866503446,-0.23411159388128536,0,-0.10173677122613123,-0.2535333144967745,0,-0.11065442902258713,-0.15596390594041945,0,-0.09633481870680394,-0.23400851311640256,0,-0.09899847693956192,-0.239909373523302,0,-0.09604589587318065,-0.2333020915073343,0,-0.09872822158636732,-0.23929452395303533,0
CCA_SG_19,0.09222971009922891,0.23350372788974322,1,0.08237825935049271,0.21355090623221754,1,-0.024510683124290108,-0.027372053680976845,0,0.09234797838320415,0.23379399902165346,1,0.09653235555288407,0.24348764777112464,1,0.0925662675652082,0.2343464888847296,1,0.09674413860189085,0.24404036876352608,1
CCA_SG_20,1.1040405880471067,2.7421142697604304,1,1.065253970667213,2.707023243911701,1,0.9474273671480548,1.4234972214200825,1,1.1040355969076492,2.742077831696324,1,1.1145299925497067,2.760211067480599,1,1.1032951996241807,2.7403670000855573,1,1.1128195698301815,2.7564401222206385,1
CCA_SG_21,-0.17109872804322918,-0.41937371224837616,0,-0.1582379256255953,-0.39687195225117,0,-0.1915587709715745,-0.2767345907831049,0,-0.17108865138507554,-0.41934618702295096,0,-0.16906586329279447,-0.41313200762806346,0,-0.17087729289716627,-0.4188404785819994,0,-0.169041670354784,-0.41315513107049906,0
CCA_SG_24,-0.19416667182866346,-0.4765666998122062,0,-0.18034633108367085,-0.4529591022388957,0,0.2482948813063581,0.3798609087471554,1,-0.19422889717849393,-0.4767179521261007,0,-0.19114284237639068,-0.4677113585782624,0,-0.19416195974550696,-0.47657292381788496,0,-0.19113761755974631,-0.4677906931596644,0
CCA_SG_25,0.03043182886991885,0.08028654106571906,1,0.03646679045255903,0.09707740265375737,1,-0.07979777284407144,-0.10990235462115475,0,0.030402583529047213,0.08021237009161997,1,0.03160209675703516,0.0829651700948625,1,0.03052258270208946,0.0805141982222674,1,0.03180763941990151,0.08347508047781566,1
CCA_SG_29,0.015469283943846506,0.04318949185145629,1,0.020694513481897162,0.05706447337312767,1,0.5667365313315237,0.8552175488175141,1,0.015489888691535132,0.04323922672440304,1,0.013961960800183592,0.03935471199946114,1,0.015441693958485825,0.043122356235890676,1,0.01385886022408358,0.039094016788561545,1
CCA_SG_34,-0.17314334064451986,-0.42444297651250645,0,-0.1611381171731154,-0.40422949228848093,0,-0.42350798556060476,-0.6229788691470897,0,-0.1731176858963021,-0.4243767857643604,0,-0.17054989119970615,-0.4168008646598394,0,-0.17311778783407392,-0.4243956042829075,0,-0.17073038602549226,-0.41733073526714587,0
CCA_SG_48,0.10909835029268272,0.27532661153193877,1,0.11010753248963806,0.28389772091114635,1,-0.10554721909146408,-0.14834007233448016,0,0.10910229954018398,0.27533309875560585,1,0.1063148752285693,0.26767227794786697,1,0.10913202424302149,0.2754199406296926,1,0.1063064735820452,0.2676846842427145,1
CCA_SG_49,0.23971205751920593,0.5991607686876861,1,0.23999207373443077,0.6134037886236277,1,-0.3813585582863848,-0.5600599321035851,0,0.23971617257836397,0.599164941773039,1,0.23731505872322267,0.5915347485522675,1,0.23990880790138788,0.5996703819118242,1,0.2377277430957668,0.5926435947501272,1
CCA_SG_50,-0.07778861890259718,-0.18802739194784257,0,-0.06821444416869246,-0.16849001324316049,0,-0.27503376128097073,-0.40134263410986354,0,-0.077737823561238,-0.1879008595227105,0,-0.07863311529971206,-0.1895615330891468,0,-0.07775045740908032,-0.18794003388912725,0,-0.07874519420243167,-0.18988347480284032,0
CCA_SG_51,0.23959807932681632,0.5988781794200634,1,0.24495950334417801,0.626005736335492,1,0.562801303541598,0.849343202104442,1,0.23962155973733917,0.5989303675278268,1,0.2384045466864384,0.594228212439478,1,0.23973839292332308,0.5992478517784715,1,0.23872631483641432,0.5951127139886263,1
CCA_SG_52,-0.128448915794798,-0.3136308595601176,0,-0.1179291276618594,-0.29461194976007293,0,-0.029657684100059648,-0.03505528572705911,0,-0.12844059395562968,-0.3136085749512706,0,-0.12744173545448972,-0.31022762597872805,0,-0.1283408043496417,-0.3133747009699897,0,-0.12758378138681262,-0.31064424770422133,0
CCA_SG_54,0.1437409461129887,0.36121695227312794,1,0.14737786090183977,0.3784493837938892,1,0.04504003724083275,0.07645041032341807,0,0.14371744193277272,0.3611546512183081,1,0.14266638519922123,0.35754154007585726,1,0.1438328422942093,0.36145780798803073,1,0.14294273674085642,0.35827337057333264,1
CCA_TH_1,-0.28281929954507096,-0.6963655983029711,0,-0.2848066055601442,-0.7179659609845988,0,-0.08445206470002,-0.11685009069266328,0,-0.2828410444162479,-0.6964146373728969,0,-0.28421240152282773,-0.6978006344796025,0,-0.28275684626580094,-0.696236768163455,0,-0.2838061574750224,-0.696927634848062,0
CCA_TH_2,-0.21560693485083365,-0.5297241336865899,0,-0.21891206621324447,-0.5507971021209361,0,-0.6857062919773,-1.0143777516755808,0,-0.2155607376456647,-0.5296061258916738,0,-0.21722390055577045,-0.5321897105364166,0,-0.2150822177866904,-0.5284430089494352,0,-0.21671334788050436,-0.5310305438414993,0
CCA_TH_3,-0.09417155241454146,-0.22864604965409738,0,-0.10418624704977918,-0.2597474269605962,0,-1.3349169458707093,-1.9834928002512406,0,-0.09410230870692228,-0.22847343624439834,0,-0.09903231517447306,-0.23999302939359826,0,-0.09378440270321724,-0.22769490238856252,0,-0.09869048500725724,-0.23920121456955987,0
CCA_TH_4,-0.423932421792532,-1.0462312439305759,0,-0.4262490075224787,-1.0767933413006185,0,-0.35253545295800903,-0.5170339821243408,0,-0.42397381229982734,-1.0463260462515809,0,-0.4300731347099729,-1.0584017890274975,0,-0.4238913442107375,-1.0461683229746372,0,-0.42948014200279205,-1.0571285328958104,0
CCA_TH_5,-0.2245954422221554,-0.5520095872617803,0,-0.2369993122821284,-0.596682911708341,0,-0.10305966394054267,-0.1446267519869745,0,-0.2246533454328035,-0.5521494887753632,0,-0.22403517963928954,-0.5490287531477928,0,-0.22474349795709664,-0.5523973705033035,0,-0.22384589660969323,-0.5486668463422619,0
CCA_TH_6,0.07159769272235281,0.18235019967638394,1,0.06470765736513705,0.16872208735581912,1,0.47187589729742596,0.7136134833134287,1,0.07161600361779037,0.18239307627501403,1,0.07105717317071265,0.18050715961230868,1,0.07155898321903656,0.18226062907967697,1,0.07089979457391227,0.18013633017688155,1
CCA_TH_7,-0.22950680398396106,-0.5641864615760738,0,-0.23160317590588864,-0.5829933712816328,0,0.13132324564414885,0.20525044649283733,1,-0.22949963373129761,-0.564164923544964,0,-0.23244890873069898,-0.5698294193594641,0,-0.22962059626961281,-0.5644897406914317,0,-0.23231114398318575,-0.569598447245559,0
CCA_TH_8,0.05908107121007736,0.1513173956626707,1,0.05006112785890533,0.13156508393585492,1,0.19048778956931778,0.2935688521076207,1,0.0590710687213241,0.15129033585731824,1,0.05847384905924916,0.14939829910204214,1,0.05908247370069943,0.1513261344101201,1,0.05832639397723613,0.14904670081637278,1
CCA_TH_9,-0.46984615312045536,-1.1600664209741856,0,-0.46746180245196833,-1.1813467074403436,0,-0.7860514229186053,-1.1641688493159477,0,-0.4698649254309483,-1.160104187866204,0,-0.47425499020167067,-1.1676294595063854,0,-0.4697985182291019,-1.1599914421634077,0,-0.47382665180562156,-1.1667819669529906,0
CCA_TH_10,0.14086022570797926,0.3540747029321785,1,0.12616942623005398,0.3246453833788871,1,0.26399941585901515,0.40330399409177026,1,0.14088707206911608,0.35413729641480257,1,0.1424294988802604,0.3569559028159357,1,0.14112499648898105,0.35474392366768437,1,0.14239687930909806,0.3569236557442726,1
CCA_TH_11,-0.14329954095515324,-0.3504504230206286,0,-0.14855319449865817,-0.37230261058890607,0,-0.08836699345162806,-0.12269413583353032,0,-0.14328760288693757,-0.35041886281492124,0,-0.1463650368005385,-0.357010362937055,0,-0.14300722770541674,-0.3497389096017286,0,-0.14600635599319609,-0.35619684200637,0
CCA_TH_12,-0.4096472132130763,-1.0108135333521664,0,-0.4161591134210286,-1.0511961355273913,0,-0.7952412897789116,-1.1778871058099203,0,-0.4097267804153627,-1.011003285465476,0,-0.4179559807516446,-1.0284454079526706,0,-0.41000008274138056,-1.0117260654469473,0,-0.417663474993999,-1.0279100414658113,0
CCA_TH_13,-0.07128273544964453,-0.1718971761437189,0,-0.08082224741217713,-0.2004749410062237,0,-0.2912253592481022,-0.4255127877515666,0,-0.07124641855458896,-0.17180667597100405,0,-0.07010758854785025,-0.16848447744384257,0,-0.07134108477464067,-0.1720485136443126,0,-0.07011512961896967,-0.1685443384893107,0
CCA_TH_15,-0.8403921545538583,-2.0787713150440736,0,-0.8291512946623787,-2.0989222800911387,0,-0.8945643074415444,-1.3261524346512539,0,-0.8403986757492938,-2.0787709762760125,0,-0.8471607611588498,-2.089537971869346,0,-0.8405528052889167,-2.0792466633381044,0,-0.8462792816460556,-2.087727269463033,0
CCA_TH_16,-0.5664831848385944,-1.399661271935754,0,-0.5656922548876976,-1.4305490359200057,0,-0.9675923225093402,-1.4351656616298591,0,-0.5665518747534312,-1.3998207835579988,0,-0.5759459815401421,-1.4190328912766335,0,-0.5670606833129075,-1.4011451015993643,0,-0.5757113859985507,-1.4187073390269134,0
CCA_TH_17,-0.7193871049873606,-1.7787601671329534,0,-0.7116612812052011,-1.8008600783946513,0,-0.5350843429689944,-0.7895354812132253,0,-0.719385982276443,-1.7787434015300898,0,-0.7291496673141049,-1.7977875071621976,0,-0.7194406460138681,-1.7789588753148515,0,-0.7283959413452774,-1.796242930795038,0
CCA_TH_18,-0.4573377002527233,-1.129053869705586,0,-0.4519306445072469,-1.1419454766830859,0,-0.3418077414609251,-0.5010200942032884,0,-0.4573687841354717,-1.1291224217475502,0,-0.463605858969305,-1.141302366988647,0,-0.4571754961780607,-1.1286936815375113,0,-0.46305583690949403,-1.1401495026123751,0
CCA_TH_19,-0.6234681603967531,-1.540945689339304,0,-0.6143861330180793,-1.554081275789669,0,-0.594792410778593,-0.8786652369999477,0,-0.623515690345712,-1.5410515499342572,0,-0.6305205272100125,-1.5539536732271282,0,-0.6237307324015302,-1.5416538976595926,0,-0.6299143274351977,-1.5527322868966407,0
CCA_TH_20,0.12646525659120195,0.3183848600343729,1,0.11558537196776328,0.2977945351794078,1,-0.034795498168044586,-0.04272480393383431,0,0.12647311785397888,0.31840068398549076,1,0.1295159688910152,0.32503069771336673,1,0.1268617861103399,0.3193794489497867,1,0.129732417589483,0.32560886402298844,1
CCA_TH_21,-0.1617668299475753,-0.3962368806046011,0,-0.17189632956377238,-0.4315221648920668,0,-1.6562445011718867,-2.4631574014047612,0,-0.1618088651162686,-0.3963387512863413,0,-0.16368028930724976,-0.3998176347008493,0,-0.161172281684034,-0.39477768945020036,0,-0.16325603442478503,-0.39884927361407946,0
CCA_TH_22,0.4739131079654634,1.179821875295136,1,0.45230482731781096,1.1520232416239546,1,0.4395925378957662,0.6654222079129148,1,0.4739652813037345,1.1799403130198118,1,0.48471111036398157,1.2031544758286048,1,0.4742351395243864,1.1806635391626337,1,0.4843445049959634,1.2024407345623134,1
CCA_TH_23,-0.5488167162843306,-1.3558603104925069,0,-0.5324341224588813,-1.3461759740370962,0,-2.0900394040340466,-3.110708648196467,0,-0.5488569743408537,-1.3559496994279086,0,-0.54694628426816,-1.3473389947129915,0,-0.5494000457932077,-1.3573569814996538,0,-0.5478345957320536,-1.3497777705714915,0
CCA_TH_27,0.6263319941515865,1.5577182124467848,1,0.6183530385783829,1.573273473705411,1,0.2671341752502502,0.40798343439591617,1,0.6263648609178777,1.5577856030611223,1,0.6216815485101534,1.5417767839385543,1,0.6261000470741735,1.5572002753537164,1,0.6220983726145225,1.5430579489990945,1
CCA_TH_28,-0.3131814674209993,-0.7716433562986951,0,-0.2971553718709236,-0.749293734014158,0,-0.06126957513962765,-0.08224422068469354,0,-0.3131774384573114,-0.7716278606263641,0,-0.3097001549354311,-0.7608122011061361,0,-0.31335637375511766,-0.7721058178057454,0,-0.30998327228436084,-0.7616544993818269,0
CCA_TH_31,0.36095381725864045,0.8997587986418237,1,0.363675391091223,0.9271778771586281,1,0.6531997584113318,0.9842863094870118,1,0.36092721501491526,0.8996842844221838,1,0.3561162965937967,0.8852386303425972,1,0.3613382772841485,0.9007449146428966,1,0.356610793794735,0.8865998681591332,1
CCA_TH_32,0.08298979028419406,0.21059494052718009,1,0.0886075971150408,0.22935420793061262,1,0.43999927539474837,0.6660293689764614,1,0.08302143092503528,0.21067062795765068,1,0.08270101809706051,0.20929341230740847,1,0.08305319013899483,0.2107595840296687,1,0.0827466588485903,0.20942948890128887,1
CCA_TH_35,-0.18480630617691582,-0.4533592877735425,0,-0.17376877026334825,-0.43627238817521513,0,-1.7256011293534235,-2.5666901325546565,0,-0.18486213579161556,-0.45349487840153013,0,-0.17874483877485844,-0.43706065283235507,0,-0.18474807002661117,-0.4532319468482468,0,-0.17872786003333116,-0.4371056959718691,0
CCA_TH_43,-0.058079571459278084,-0.13916220847915212,0,-0.050649892247839744,-0.12393023438800033,0,0.18684228467874375,0.2881269918609903,1,-0.05808297543934266,-0.1391704640180877,0,-0.05922219929028308,-0.14157330095232118,0,-0.05813704568334169,-0.13931016833338394,0,-0.05926442551043072,-0.14171433602170425,0
CCA_TH_44,-0.19690023328235332,-0.48334409391720506,0,-0.18600189158616667,-0.4673067796763147,0,-0.3454029257366005,-0.5063868378989821,0,-0.19689059345841436,-0.48331711339304606,0,-0.19730277253480788,-0.4829401173985657,0,-0.19671814248483574,-0.4829107718520616,0,-0.19731907700880463,-0.48307528396710603,0
CCA_TH_47,0.16853967023341762,0.42270111113058545,1,0.16984376266247123,0.43544347158766944,1,0.07061244984243979,0.11462385946812689,0,0.16850628292785177,0.42261378935561794,1,0.1669765558003632,0.41764185216451655,1,0.16851768680054438,0.4226618803031086,1,0.1672091682282339,0.41827578241442076,1
CCA_TH_50,-0.9020790223379009,-2.231713263179567,0,-0.8801741621743367,-2.228362968537611,0,-2.6165200792217513,-3.896617416096091,0,-0.9019792483582019,-2.231448098990093,0,-0.8969103332320032,-2.212530313508171,0,-0.9036951044161421,-2.2358028790732765,0,-0.8987594723234176,-2.2174924562462595,0
CCA_TH_55,-0.09207518841088123,-0.22344847671453147,0,-0.08289882203676044,-0.20574303474779052,0,0.09144490536190389,0.14572169500366397,0,-0.09207815160251007,-0.2234549300901016,0,-0.09232077525603755,-0.22340056485225435,0,-0.09198092965193444,-0.22322333705135008,0,-0.09239244810448603,-0.2236283684249993,0
CCA_TH_56,0.37119609945730225,0.9251527706343853,1,0.3694251471529671,0.9417645207426448,1,0.5389315907601785,0.8137114734460729,1,0.3711250903087754,0.9249679443769525,1,0.3683673707069432,0.9155260927262142,1,0.37090744651960295,0.9244708945951571,1,0.3686689156409828,0.9164153930922051,1
CCA_TH_59,-0.14553306995526596,-0.3559880729089364,0,-0.1389923495612223,-0.3480475576846053,0,-0.6336976816677699,-0.9367414303918759,0,-0.14551646052229425,-0.35594488435529814,0,-0.14499468425809744,-0.35362253745349687,0,-0.14513548197598486,-0.35501574366269645,0,-0.14489567773275194,-0.3534505224891893,0
CCA_TH_65,-0.4516443509607744,-1.1149381921974513,0,-0.43746598781063356,-1.1052498691594064,0,-0.37194875964498003,-0.5460133704632867,0,-0.45167654446261685,-1.1150096141163215,0,-0.44773082695109845,-1.1020556502804209,0,-0.4516141192956406,-1.1149046980664714,0,-0.4480589360567588,-1.103067403343933,0
CCA_TH_69,0.43265523782474974,1.0775301029630957,1,0.4204362457999787,1.0711753525766767,1,0.2021640471554084,0.31099869074299213,1,0.43268804670209327,1.077601391090706,1,0.42924869870335103,1.0660386857058892,1,0.4325027859423334,1.0771915490571717,1,0.4294543143966287,1.066716459483372,1
CCA_TH_70,0.37903595923364897,0.9445903506311725,1,0.37190509325682675,0.9480559337236676,1,0.25548415892121096,0.39059276763326356,1,0.37899255494703027,0.944473801713683,1,0.3793257106584791,0.9426176200489387,1,0.3789180242824037,0.9443324732473615,1,0.37963361757421266,0.9435272723751006,1
CCA_TH_72,-1.3049680420234753,-3.2306070920708234,0,-1.2729546508940455,-3.224813763003551,0,-2.390082020430011,-3.5585999651665734,0,-1.304946267243411,-3.230526905593533,0,-1.29961802631044,-3.2081160060816796,0,-1.3064704744741056,-3.2344517816188576,0,-1.3018749536032208,-3.2142562836697874,0
CCA_TH_75,-0.5073760910269027,-1.253115428372499,0,-0.49064808123094555,-1.2401683306460416,0,-1.0232602222314173,-1.5182644201294744,0,-0.5073803531363731,-1.253116436969971,0,-0.5046325906518868,-1.242729848455397,0,-0.5072247076091787,-1.2527866469583235,0,-0.5049855805632645,-1.2438271178568523,0
CCA_TH_76,0.28166676623138853,0.7031802320581095,1,0.2768318346787735,0.7068631383499362,1,0.6341440588874991,0.9558407424604511,1,0.281668520964487,0.7031776777924086,1,0.28204309195100397,0.7021126955443509,1,0.28134708833101596,0.7024132414577512,1,0.2819793073012928,0.7020622614977889,1
CCA_TH_79,-0.1954743440690765,-0.47980884756838077,0,-0.1851450875644664,-0.4651331405250734,0,-0.19148865318513214,-0.27662992182610835,0,-0.19550952425411033,-0.4798930193411557,0,-0.19056629838265998,-0.46628600971812606,0,-0.19518641711638057,-0.4791129828810308,0,-0.19042000476269103,-0.4660162872848762,0
CCA_TH_81,-0.5550973062933255,-1.3714319500638141,0,-0.5378745100029186,-1.3599777759242748,0,-1.2189611864130006,-1.8103987963473318,0,-0.5551373332363603,-1.3715206349544,0,-0.5507321694827921,-1.3566985704504213,0,-0.5550588777458257,-1.3713875969227334,0,-0.5511311533825487,-1.3579290065661942,0
CCA_TH_85,0.48204084533160313,1.1999731981190291,1,0.4744447534996988,1.2081903570152248,1,0.5280331422096709,0.7974427162513417,1,0.48205439233438624,1.1999956997294832,1,0.47680188632553794,1.1836010617087032,1,0.4822725985303846,1.2005917676797848,1,0.4773842106556367,1.1852303570183091,1
CCA_TH_88,0.11593027447489097,0.29226518908460253,1,0.1137868019711792,0.2932317156059597,1,0.4646704145531983,0.7028574340745483,1,0.11594080494079753,0.29228785061965956,1,0.1168550506553098,0.2937300067482796,1,0.11601618203727307,0.2924886522174706,1,0.11696836862634066,0.29404782782182054,1
CCA_TH_89,-0.563507464343128,-1.3922834862573399,0,-0.5478456916735148,-1.3852738183265236,0,-0.25190095776855115,-0.36681093339733883,0,-0.563557625117758,-1.3923971205471721,0,-0.5600933447408022,-1.3798415406810216,0,-0.5633722980584408,-1.3920000491449198,0,-0.5603923073917554,-1.3808286066690447,0
CCA_TH_114,-0.334938819549619,-0.8255869579169609,0,-0.32170941458691765,-0.8115852583499369,0,-0.011863673229428561,-0.008493115796806021,0,-0.33491254247460944,-0.8255158483904189,0,-0.3333534182309952,-0.8192884878135545,0,-0.33471404958077966,-0.8250604449001285,0,-0.33361424264071343,-0.8200856377329256,0
CCA_TH_121,-0.4844191866898302,-1.1961977439673868,0,-0.47004835184351523,-1.1879085639229132,0,-0.3016199545547644,-0.4410294134802537,0,-0.4844090420622807,-1.1961635128385837,0,-0.480989113774021,-1.1842777560149602,0,-0.4842619063790687,-1.1958522414495618,0,-0.48134822994106813,-1.18538020333615,0
CCA_TH_122,-0.15455242388397475,-0.3783500052023617,0,-0.1474715900546436,-0.3695586718279731,0,0.27923908961484645,0.42605315429668655,1,-0.15456756752553982,-0.3783853540698148,0,-0.15514172375617089,-0.3787083441562075,0,-0.15438500141706274,-0.3779491778435828,0,-0.15525117255864712,-0.37905604531543696,0
CCA_TH_127,0.09036691492673515,0.22888524857813378,1,0.091777788237624,0.23739671399552345,1,0.25177003571067147,0.38504847677171994,1,0.09043448376810462,0.22904985911217782,1,0.08646742094342079,0.21860482316633653,1,0.09048793543613605,0.22919343272957188,1,0.08646538130158923,0.2186245910432585,1
CCA_TH_128,0.21962245119939447,0.549352055128365,1,0.2201197560545557,0.5629894037224424,1,0.6194409910838585,0.9338926056218405,1,0.21962685447604938,0.5493573619600252,1,0.21825709347057948,0.5444190915603385,1,0.21980339419886213,0.5498206373101054,1,0.21848628162907066,0.5450661791771092,1
